Action,ID,Parents,Families,Name FR,Name EN,Tag,Intro FR,Intro EN,Stats Person,Stats Question,Stats Hashtags,Created,Updated
"","5faf286ec12501001552eeb3","","","Compétences","Skills","#FramatomeSkills","Je peux t'aider pour","I can help you with",0,0,0,"Sat Nov 14 2020 00:44:30 GMT+0000 (Coordinated Universal Time)","Fri Feb 04 2022 12:00:47 GMT+0000 (Coordinated Universal Time)"
"","5faf286ec12501001552eeb4"," #DemoFramatomeSystems"," 630df55008e5da0050df4c37","REB","BWR","#BWR","Réacteur à eau bouillante","Boiling Water Reactor",1,0,0,"Sat Nov 14 2020 00:44:30 GMT+0000 (Coordinated Universal Time)","Mon Apr 18 2022 07:15:53 GMT+0000 (Coordinated Universal Time)"
"","5faf286ec12501001552eeb5"," #DemoFramatomeSystems"," 630df55008e5da0050df4c37","REP","PWR","#PWR","Réacteur à eau pressurisée","Pressurized Water Reactor",6,1,0,"Sat Nov 14 2020 00:44:30 GMT+0000 (Coordinated Universal Time)","Tue Sep 13 2022 10:37:04 GMT+0000 (Coordinated Universal Time)"
"","5faf286ec12501001552eeb6"," #PWR"," 630df55008e5da0050df4c37","EPR","EPR","#EPR",,,7,2,0,"Sat Nov 14 2020 00:44:30 GMT+0000 (Coordinated Universal Time)","Thu Oct 13 2022 13:36:32 GMT+0000 (Coordinated Universal Time)"
"","5faf286fc12501001552eec7"," #Hidden","","Projets","Projects","#FramatomeProjects","J'ai travaillé sur","I worked on",0,0,0,"Sat Nov 14 2020 00:44:31 GMT+0000 (Coordinated Universal Time)","Tue Nov 16 2021 00:01:50 GMT+0000 (Coordinated Universal Time)"
"","5faf286fc12501001552eec8"," #FramatomeProjects"," 630df47e08e5da0050de7a3c","Centrales nucléaires","Power Plants","#FramatomePowerPlants",,,3,0,0,"Sat Nov 14 2020 00:44:31 GMT+0000 (Coordinated Universal Time)","Tue Sep 06 2022 10:36:34 GMT+0000 (Coordinated Universal Time)"
"","5faf286fc12501001552eeca"," #FramatomePowerPlants"," 630df47e08e5da0050de7a3c","Flamanville","Flamanville","#Flamanville",,,10,1,0,"Sat Nov 14 2020 00:44:31 GMT+0000 (Coordinated Universal Time)","Mon Oct 24 2022 13:39:01 GMT+0000 (Coordinated Universal Time)"
"","5faf286fc12501001552eecb"," #Flamanville"," 630df47e08e5da0050de7a3c","Flamanville-1","Flamanville-1","#Flamanville1",,,5,0,0,"Sat Nov 14 2020 00:44:31 GMT+0000 (Coordinated Universal Time)","Tue Oct 04 2022 10:36:50 GMT+0000 (Coordinated Universal Time)"
"","5faf286fc12501001552eecc"," #Flamanville"," 630df47e08e5da0050de7a3c","Flamanville-2","Flamanville-2","#Flamanville2",,,3,0,0,"Sat Nov 14 2020 00:44:31 GMT+0000 (Coordinated Universal Time)","Tue Oct 04 2022 10:36:51 GMT+0000 (Coordinated Universal Time)"
"","5faf286fc12501001552eecd"," #Flamanville #EPR"," 630df47e08e5da0050de7a3c","Flamanville-3","Flamanville-3","#Flamanville3",,,5,0,0,"Sat Nov 14 2020 00:44:31 GMT+0000 (Coordinated Universal Time)","Thu Oct 13 2022 13:36:32 GMT+0000 (Coordinated Universal Time)"
"","5faf286fc12501001552eece"," #FramatomePowerPlants"," 630df47e08e5da0050de7a3c","Tricastin","Tricastin","#Tricastin",,,6,0,0,"Sat Nov 14 2020 00:44:31 GMT+0000 (Coordinated Universal Time)","Mon Jun 06 2022 14:42:49 GMT+0000 (Coordinated Universal Time)"
"","5faf286fc12501001552eecf"," #Tricastin"," 630df47e08e5da0050de7a3c","Tricastin-1","Tricastin-1","#Tricastin1",,,0,0,0,"Sat Nov 14 2020 00:44:31 GMT+0000 (Coordinated Universal Time)","Wed Feb 23 2022 15:01:58 GMT+0000 (Coordinated Universal Time)"
"","5faf286fc12501001552eed0"," #Tricastin"," 630df47e08e5da0050de7a3c","Tricastin-2","Tricastin-2","#Tricastin2",,,2,0,0,"Sat Nov 14 2020 00:44:31 GMT+0000 (Coordinated Universal Time)","Tue Dec 28 2021 00:01:38 GMT+0000 (Coordinated Universal Time)"
"","5faf286fc12501001552eed1"," #Tricastin"," 630df47e08e5da0050de7a3c","Tricastin-3","Tricastin-3","#Tricastin3",,,0,0,0,"Sat Nov 14 2020 00:44:31 GMT+0000 (Coordinated Universal Time)","Tue Dec 28 2021 00:01:39 GMT+0000 (Coordinated Universal Time)"
"","5faf286fc12501001552eed2"," #Tricastin"," 630df47e08e5da0050de7a3c","Tricastin-4","Tricastin-4","#Tricastin4",,,2,0,0,"Sat Nov 14 2020 00:44:31 GMT+0000 (Coordinated Universal Time)","Wed Feb 23 2022 15:01:58 GMT+0000 (Coordinated Universal Time)"
"","5faf286fc12501001552eed3"," #FramatomePowerPlants"," 630df47e08e5da0050de7a3c","Taishan","Taishan","#Taishan",,,4,0,0,"Sat Nov 14 2020 00:44:31 GMT+0000 (Coordinated Universal Time)","Tue Nov 30 2021 00:02:48 GMT+0000 (Coordinated Universal Time)"
"","5faf286fc12501001552eed4"," #Taishan #EPR"," 630df47e08e5da0050de7a3c","Taishan-1","Taishan-1","#Taishan1",,,0,0,0,"Sat Nov 14 2020 00:44:31 GMT+0000 (Coordinated Universal Time)","Tue Jan 11 2022 00:01:40 GMT+0000 (Coordinated Universal Time)"
"","5faf286fc12501001552eed5"," #Taishan #EPR"," 630df47e08e5da0050de7a3c","Taishan-2","Taishan-2","#Taishan2",,,0,0,0,"Sat Nov 14 2020 00:44:31 GMT+0000 (Coordinated Universal Time)","Tue Jan 11 2022 00:01:41 GMT+0000 (Coordinated Universal Time)"
"","5faf2870c12501001552eed6"," #Taishan #EPR"," 630df47e08e5da0050de7a3c","Taishan-3","Taishan-3","#Taishan3",,,0,0,0,"Sat Nov 14 2020 00:44:32 GMT+0000 (Coordinated Universal Time)","Wed Mar 24 2021 09:46:45 GMT+0000 (Coordinated Universal Time)"
"","5faf2870c12501001552eed7"," #Taishan #EPR"," 630df47e08e5da0050de7a3c","Taishan-4","Taishan-4","#Taishan4",,,0,0,0,"Sat Nov 14 2020 00:44:32 GMT+0000 (Coordinated Universal Time)","Wed Mar 23 2022 15:03:47 GMT+0000 (Coordinated Universal Time)"
"","5faf2874c12501001552eedb"," #Hidden","","Partenaires","Partners","#FramatomePartners","Je peux t'aider à travailler avec","I can help you work with",0,0,0,"Sat Nov 14 2020 00:44:36 GMT+0000 (Coordinated Universal Time)","Tue Nov 16 2021 00:01:50 GMT+0000 (Coordinated Universal Time)"
"","5faf2874c12501001552eedc"," #FramatomePartners"," 630df48208e5da0050de7ea9","E.ON AG","E.ON AG","#EOnAg",,,4,0,0,"Sat Nov 14 2020 00:44:36 GMT+0000 (Coordinated Universal Time)","Mon Jun 06 2022 14:42:49 GMT+0000 (Coordinated Universal Time)"
"","5faf2874c12501001552eedd"," #FramatomePartners"," 630df48208e5da0050de7ea9","EnBW","EnBW","#EnBw",,,4,0,0,"Sat Nov 14 2020 00:44:36 GMT+0000 (Coordinated Universal Time)","Tue Feb 22 2022 18:02:04 GMT+0000 (Coordinated Universal Time)"
"","5faf2874c12501001552eede"," #FramatomePartners"," 630df48208e5da0050de7ea9","CGNPC","CGNPC","#Cgnpc",,,3,0,0,"Sat Nov 14 2020 00:44:36 GMT+0000 (Coordinated Universal Time)","Tue Feb 22 2022 18:02:05 GMT+0000 (Coordinated Universal Time)"
"","5faf2874c12501001552eedf"," #FramatomePartners"," 630df48208e5da0050de7ea9","CNNC","CNNC","#Cnnc",,,3,0,0,"Sat Nov 14 2020 00:44:36 GMT+0000 (Coordinated Universal Time)","Tue Feb 22 2022 18:02:06 GMT+0000 (Coordinated Universal Time)"
"","5faf2874c12501001552eee0"," #FramatomePartners"," 630df48208e5da0050de7ea9","INSTN","INSTN","#Instn","Institut national des sciences et techniques nucléaires","Institut national des sciences et techniques nucléaires",5,0,0,"Sat Nov 14 2020 00:44:36 GMT+0000 (Coordinated Universal Time)","Tue Feb 22 2022 18:02:07 GMT+0000 (Coordinated Universal Time)"
"","5faf2874c12501001552eee1"," #FramatomePartners"," 630df48208e5da0050de7ea9","ORANO","ORANO","#Orano","Cogema","Cogema",7,0,0,"Sat Nov 14 2020 00:44:36 GMT+0000 (Coordinated Universal Time)","Mon Apr 18 2022 07:12:37 GMT+0000 (Coordinated Universal Time)"
"","5faf2874c12501001552eee2"," #FramatomePartners"," 630df48208e5da0050de7ea9","CEA","CEA","#Cea","Centre pour l'Énergie Atomique","Centre pour l'Énergie Atomique",7,0,0,"Sat Nov 14 2020 00:44:36 GMT+0000 (Coordinated Universal Time)","Mon Jun 06 2022 14:42:50 GMT+0000 (Coordinated Universal Time)"
"","61805ed0c361c5002e4dcbe2"," #Hidden"," 630df24c08e5da0050dc9d6f","Équipes","Teams","#FramatomeTeams","Mes équipes","My teams",0,0,0,"Mon Nov 01 2021 21:40:32 GMT+0000 (Coordinated Universal Time)","Tue Jan 11 2022 00:01:32 GMT+0000 (Coordinated Universal Time)"
"","61805ed1c361c5002e4dcc00"," #FramatomeTeams"," 630df24c08e5da0050dc9d6f","DTI","DTI","#DTI",,,18,0,0,"Mon Nov 01 2021 21:40:33 GMT+0000 (Coordinated Universal Time)","Thu Oct 13 2022 13:36:47 GMT+0000 (Coordinated Universal Time)"
"","61805ed1c361c5002e4dcc0d"," #DTI"," 630df24c08e5da0050dc9d6f","DTI Procédés","DTI Process","#DTISafetyAndProcess","Sûreté et Procédé","Safety and Process",4,0,0,"Mon Nov 01 2021 21:40:33 GMT+0000 (Coordinated Universal Time)","Thu May 12 2022 14:43:45 GMT+0000 (Coordinated Universal Time)"
"","61805ed1c361c5002e4dcc1c"," #DTI"," 630df24c08e5da0050dc9d6f","DTI Mécanique","DTI Mechanical Engineering","#DTIMechanicalEngineering","Ingénierie Mécanique","Mechanical Engineering",3,0,0,"Mon Nov 01 2021 21:40:33 GMT+0000 (Coordinated Universal Time)","Thu May 12 2022 14:43:45 GMT+0000 (Coordinated Universal Time)"
"","61805ed1c361c5002e4dcc2b"," #DTI"," 630df24c08e5da0050dc9d6f","DTI Ressources humaines","DTI Human Resources","#DTIHumanResources","Ressources Humaines","Human Resources",8,0,0,"Mon Nov 01 2021 21:40:33 GMT+0000 (Coordinated Universal Time)","Thu Oct 13 2022 13:36:47 GMT+0000 (Coordinated Universal Time)"
"","61805ed1c361c5002e4dcc3a"," #DTI"," 630df24c08e5da0050dc9d6f","DTI Finance","DTI Finance","#DTIFinance","Finance","Finance",1,0,0,"Mon Nov 01 2021 21:40:33 GMT+0000 (Coordinated Universal Time)","Tue Dec 21 2021 00:02:49 GMT+0000 (Coordinated Universal Time)"
"","61805ed1c361c5002e4dcc49"," #DTI"," 630df24c08e5da0050dc9d6f","DTI Juridique","DTI Juridique","#DTIJuridique","Juridique","Juridique",0,0,0,"Mon Nov 01 2021 21:40:33 GMT+0000 (Coordinated Universal Time)","Mon Apr 25 2022 14:42:21 GMT+0000 (Coordinated Universal Time)"
"","61805ed1c361c5002e4dcc58"," #DTI"," 630df24c08e5da0050dc9d6f","DTI Conception","DTI Design Authority","#DTIDesignAuthority","Design Authority (DA)","Design Authority (DA)",5,0,0,"Mon Nov 01 2021 21:40:33 GMT+0000 (Coordinated Universal Time)","Tue Sep 20 2022 13:37:01 GMT+0000 (Coordinated Universal Time)"
"","61805ed1c361c5002e4dcc67"," #DTI"," 630df24c08e5da0050dc9d6f","DTI Centre Technique","DTI Technical Center","#DTITechnicalCenter","Centre Technique","Technical Center",3,0,0,"Mon Nov 01 2021 21:40:33 GMT+0000 (Coordinated Universal Time)","Mon Jun 06 2022 14:43:01 GMT+0000 (Coordinated Universal Time)"
"","61805ed1c361c5002e4dcc76"," #DTI"," 630df24c08e5da0050dc9d6f","DTI Développement","DTI Development","#DTIDevelopment","Développement","Development",3,0,0,"Mon Nov 01 2021 21:40:33 GMT+0000 (Coordinated Universal Time)","Fri Feb 11 2022 15:01:35 GMT+0000 (Coordinated Universal Time)"
"","61805ed1c361c5002e4dcc85"," #DTI"," 630df24c08e5da0050dc9d6f","DTI Régulation","DTI Regulatory Authority","#DTIRegulatoryAuthority","Autorité Règlementaire","Regulatory Authority",2,0,0,"Mon Nov 01 2021 21:40:33 GMT+0000 (Coordinated Universal Time)","Thu Sep 08 2022 13:37:20 GMT+0000 (Coordinated Universal Time)"
"","618909f6c361c5002e4fa778","","",,,"#SaltSprayTest",,,0,1,0,"Mon Nov 08 2021 11:28:54 GMT+0000 (Coordinated Universal Time)","Tue May 24 2022 08:41:58 GMT+0000 (Coordinated Universal Time)"
"","6189266ec361c5002e4faf37","","",,,"#Candu",,,1,1,0,"Mon Nov 08 2021 13:30:22 GMT+0000 (Coordinated Universal Time)","Thu Sep 08 2022 13:35:36 GMT+0000 (Coordinated Universal Time)"
"","618926bbc361c5002e4fb099","","",,,"#Rep",,,0,1,0,"Mon Nov 08 2021 13:31:39 GMT+0000 (Coordinated Universal Time)","Tue Dec 21 2021 00:01:16 GMT+0000 (Coordinated Universal Time)"
"","61892873c361c5002e4fb5be","","",,,"#Norme",,,0,2,0,"Mon Nov 08 2021 13:38:59 GMT+0000 (Coordinated Universal Time)","Tue Sep 20 2022 13:35:41 GMT+0000 (Coordinated Universal Time)"
"","61892acac361c5002e4fbbb7","","",,,"#Nrc",,,0,1,0,"Mon Nov 08 2021 13:48:58 GMT+0000 (Coordinated Universal Time)","Tue Nov 09 2021 00:01:03 GMT+0000 (Coordinated Universal Time)"
"","61892ad1c361c5002e4fbbe6","","",,,"#Region3",,,0,1,0,"Mon Nov 08 2021 13:49:05 GMT+0000 (Coordinated Universal Time)","Tue Nov 09 2021 00:01:03 GMT+0000 (Coordinated Universal Time)"
"","61892b6fc361c5002e4fbe4c","","","Knowledge Transfer",,"#KnowledgeTransfer",,,1,0,0,"Mon Nov 08 2021 13:51:43 GMT+0000 (Coordinated Universal Time)","Tue Feb 22 2022 18:01:02 GMT+0000 (Coordinated Universal Time)"
"","618a4879c361c5002e50493e","","",,,"#GrandsChauds",,,1,1,0,"Tue Nov 09 2021 10:07:53 GMT+0000 (Coordinated Universal Time)","Thu Sep 08 2022 13:35:37 GMT+0000 (Coordinated Universal Time)"
"","618c005029697d002e6e2806"," #Hidden","","Systèmes et composants","Framatome systems","#DemoFramatomeSystems",,,0,0,0,"Wed Nov 10 2021 17:24:32 GMT+0000 (Coordinated Universal Time)","Wed Mar 16 2022 09:36:44 GMT+0000 (Coordinated Universal Time)"
"","618c005029697d002e6e2816"," #DemoFramatomeSystems"," 630df55008e5da0050df4c37","Circuit primaire","Primary circuit","#PrimaryCircuit",,,6,0,0,"Wed Nov 10 2021 17:24:32 GMT+0000 (Coordinated Universal Time)","Tue Sep 13 2022 10:37:04 GMT+0000 (Coordinated Universal Time)"
"","618c005029697d002e6e2823"," #PrimaryCircuit"," 630df55008e5da0050df4c37","Coeur du réacteur","Reactor heart ","#ReactorHeart",,,5,0,0,"Wed Nov 10 2021 17:24:32 GMT+0000 (Coordinated Universal Time)","Thu Oct 13 2022 13:36:49 GMT+0000 (Coordinated Universal Time)"
"","618c005029697d002e6e2832"," #PrimaryCircuit"," 630df55008e5da0050df4c37","Barre de controle","Control bar","#ControlBar",,,4,0,0,"Wed Nov 10 2021 17:24:32 GMT+0000 (Coordinated Universal Time)","Tue Oct 04 2022 10:37:04 GMT+0000 (Coordinated Universal Time)"
"","618c005029697d002e6e2841"," #PrimaryCircuit"," 630df55008e5da0050df4c37","Générateur de vapeur","Vapor generator","#VaporGenerator",,,4,0,0,"Wed Nov 10 2021 17:24:32 GMT+0000 (Coordinated Universal Time)","Thu Oct 13 2022 13:36:50 GMT+0000 (Coordinated Universal Time)"
"","618c005029697d002e6e2850"," #PrimaryCircuit"," 630df55008e5da0050df4c37","Enceinte de confinement","Containment enclosure","#ContainmentEnclosure",,,3,0,0,"Wed Nov 10 2021 17:24:32 GMT+0000 (Coordinated Universal Time)","Tue Oct 04 2022 10:37:04 GMT+0000 (Coordinated Universal Time)"
"","618c005029697d002e6e285f"," #DemoFramatomeSystems"," 630df55008e5da0050df4c37","Circuit secondaire","Secondary circuit","#SecondaryCircuit",,,3,3,0,"Wed Nov 10 2021 17:24:32 GMT+0000 (Coordinated Universal Time)","Mon Oct 24 2022 13:46:24 GMT+0000 (Coordinated Universal Time)"
"","618c005029697d002e6e286c"," #SecondaryCircuit"," 630df55008e5da0050df4c37","Pompe","Pump","#Pump",,,1,0,0,"Wed Nov 10 2021 17:24:32 GMT+0000 (Coordinated Universal Time)","Tue Sep 13 2022 10:37:06 GMT+0000 (Coordinated Universal Time)"
"","618c005029697d002e6e287b"," #SecondaryCircuit"," 630df55008e5da0050df4c37","Turbine","Turbine","#Turbine",,,1,0,0,"Wed Nov 10 2021 17:24:32 GMT+0000 (Coordinated Universal Time)","Tue May 17 2022 11:42:52 GMT+0000 (Coordinated Universal Time)"
"","618c005029697d002e6e288a"," #SecondaryCircuit"," 630df55008e5da0050df4c37","Condenseur","Condenser","#Condenser","Le condenseur est un outil qui permet de faire ça",,7,1,0,"Wed Nov 10 2021 17:24:32 GMT+0000 (Coordinated Universal Time)","Tue Sep 13 2022 10:37:06 GMT+0000 (Coordinated Universal Time)"
"","618c005129697d002e6e2899"," #SecondaryCircuit"," 630df55008e5da0050df4c37","Alternateur","Alternator","#Alternator",,,2,0,0,"Wed Nov 10 2021 17:24:33 GMT+0000 (Coordinated Universal Time)","Mon May 23 2022 08:42:49 GMT+0000 (Coordinated Universal Time)"
"","618c005129697d002e6e28a8"," #DemoFramatomeSystems"," 630df55008e5da0050df4c37","Circuit de refroidissement","Cooling circuit","#CoolingCircuit",,,4,1,0,"Wed Nov 10 2021 17:24:33 GMT+0000 (Coordinated Universal Time)","Wed Oct 19 2022 10:36:56 GMT+0000 (Coordinated Universal Time)"
"","618c005129697d002e6e28cc","","",,,"#Dti",,,0,0,0,"Wed Nov 10 2021 17:24:33 GMT+0000 (Coordinated Universal Time)","Tue Nov 30 2021 00:01:03 GMT+0000 (Coordinated Universal Time)"
"","618c0a5b29697d002e6e4742","","","Disciplines","Disciplines","#DemoFramatomeDisciplines",,,0,0,0,"Wed Nov 10 2021 18:07:23 GMT+0000 (Coordinated Universal Time)","Tue Nov 16 2021 11:20:28 GMT+0000 (Coordinated Universal Time)"
"","618c0a5b29697d002e6e4749"," #DemoFramatomeDisciplines"," 630df55908e5da0050df575d","Neutronique","Neutronics","#Neutronics",,,9,0,0,"Wed Nov 10 2021 18:07:23 GMT+0000 (Coordinated Universal Time)","Tue Oct 04 2022 10:37:05 GMT+0000 (Coordinated Universal Time)"
"","618c0a5b29697d002e6e4756"," #DemoFramatomeDisciplines"," 630df55908e5da0050df575d","Calcul numérique","Numerical computation","#NumericalComputation",,,2,0,0,"Wed Nov 10 2021 18:07:23 GMT+0000 (Coordinated Universal Time)","Mon Oct 17 2022 10:37:18 GMT+0000 (Coordinated Universal Time)"
"","618c0a5b29697d002e6e4763"," #DemoFramatomeDisciplines"," 630df55908e5da0050df575d","Thermohydraulique d’ensemble","Overall Thermohydraulics","#OverallThermohydraulics",,,1,0,0,"Wed Nov 10 2021 18:07:23 GMT+0000 (Coordinated Universal Time)","Thu Mar 10 2022 15:04:18 GMT+0000 (Coordinated Universal Time)"
"","618c0a5b29697d002e6e4770"," #DemoFramatomeDisciplines"," 630df55908e5da0050df575d","Thermohydraulique du cœur","Core Thermohydraulics","#CoreThermohydraulics",,,2,0,0,"Wed Nov 10 2021 18:07:23 GMT+0000 (Coordinated Universal Time)","Tue Oct 04 2022 10:37:05 GMT+0000 (Coordinated Universal Time)"
"","618c0a5b29697d002e6e477d"," #DemoFramatomeDisciplines"," 630df55908e5da0050df575d","Thermomécanique","Thermomechanics","#Thermomechanics",,,6,0,0,"Wed Nov 10 2021 18:07:23 GMT+0000 (Coordinated Universal Time)","Mon Oct 17 2022 10:37:19 GMT+0000 (Coordinated Universal Time)"
"","618c0a5b29697d002e6e478a"," #DemoFramatomeDisciplines"," 630df55908e5da0050df575d","Thermique","Thermic","#Thermic",,,1,0,0,"Wed Nov 10 2021 18:07:23 GMT+0000 (Coordinated Universal Time)","Thu May 12 2022 17:42:59 GMT+0000 (Coordinated Universal Time)"
"","618c0a5b29697d002e6e4797"," #OverallThermohydraulics #Neutronics"," 630df55908e5da0050df575d","Accidents de refroidissement",,"#AccidentsDeRefroidissement",,,3,0,0,"Wed Nov 10 2021 18:07:23 GMT+0000 (Coordinated Universal Time)","Fri Sep 30 2022 16:37:05 GMT+0000 (Coordinated Universal Time)"
"","618c0a5c29697d002e6e47a9"," #DemoFramatomeDisciplines"," 630df55908e5da0050df575d","Radioprotection","Radioprotection","#Radioprotection",,,3,0,0,"Wed Nov 10 2021 18:07:24 GMT+0000 (Coordinated Universal Time)","Tue Sep 13 2022 10:37:08 GMT+0000 (Coordinated Universal Time)"
"","618c0a5c29697d002e6e47bf","","",,,"#TransitoiresAccidentels",,,0,0,0,"Wed Nov 10 2021 18:07:24 GMT+0000 (Coordinated Universal Time)","Tue Nov 16 2021 00:01:20 GMT+0000 (Coordinated Universal Time)"
"","618c0a5c29697d002e6e47b6"," #Neutronics #CoreThermohydraulics #TransitoiresAccidentels"," 630df55908e5da0050df575d","Chute de grappes",,"#ChuteDeGrappes","CDG",,1,0,0,"Wed Nov 10 2021 18:07:24 GMT+0000 (Coordinated Universal Time)","Tue Oct 04 2022 10:37:06 GMT+0000 (Coordinated Universal Time)"
"","618c0a5c29697d002e6e47d0"," #TransitoiresAccidentels #Neutronics"," 630df55908e5da0050df575d","Éjection de grappe",,"#EjectionDeGrappe",,,2,0,0,"Wed Nov 10 2021 18:07:24 GMT+0000 (Coordinated Universal Time)","Tue Oct 25 2022 07:43:33 GMT+0000 (Coordinated Universal Time)"
"","618c0a6329697d002e6e47e3"," #DemoFramatomeDisciplines"," 630df55908e5da0050df575d","Mécanique des structures","Structural mechanics","#StructuralMechanics",,,6,0,0,"Wed Nov 10 2021 18:07:31 GMT+0000 (Coordinated Universal Time)","Mon Oct 17 2022 10:37:19 GMT+0000 (Coordinated Universal Time)"
"","618c0a6329697d002e6e47f0"," #DemoFramatomeDisciplines"," 630df55908e5da0050df575d","Mécanique des fluides","Fluid mechanics","#FluidMechanics",,,0,0,0,"Wed Nov 10 2021 18:07:31 GMT+0000 (Coordinated Universal Time)","Tue Nov 16 2021 00:02:53 GMT+0000 (Coordinated Universal Time)"
"","618c0a6329697d002e6e47fa"," #DemoFramatomeDisciplines"," 630df55908e5da0050df575d","Thermo-hydraulique","Thermo-hydraulics","#ThermoHydraulics",,,2,0,0,"Wed Nov 10 2021 18:07:31 GMT+0000 (Coordinated Universal Time)","Tue Oct 04 2022 10:37:05 GMT+0000 (Coordinated Universal Time)"
"","618c0a6329697d002e6e480a"," #DemoFramatomeDisciplines"," 630df55908e5da0050df575d","Contrôle-commande","Remote control","#RemoteControl",,,0,0,0,"Wed Nov 10 2021 18:07:31 GMT+0000 (Coordinated Universal Time)","Thu Jun 23 2022 07:57:02 GMT+0000 (Coordinated Universal Time)"
"","618c0a6329697d002e6e4817"," #DemoFramatomeDisciplines"," 630df55908e5da0050df575d","Conséquences radiologiques","Radiological consequences","#RadiologicalConsequences",,,0,0,0,"Wed Nov 10 2021 18:07:31 GMT+0000 (Coordinated Universal Time)","Tue Nov 16 2021 00:02:53 GMT+0000 (Coordinated Universal Time)"
"","618c0a6329697d002e6e4824"," #DemoFramatomeDisciplines"," 630df55908e5da0050df575d","Échanges thermiques","Heat exchange","#HeatExchange",,,1,0,0,"Wed Nov 10 2021 18:07:31 GMT+0000 (Coordinated Universal Time)","Thu Jun 23 2022 07:57:02 GMT+0000 (Coordinated Universal Time)"
"","618c0a6329697d002e6e4831"," #DemoFramatomeDisciplines"," 630df55908e5da0050df575d","Instrumentation nucléaire","Nuclear instrumentation","#NuclearInstrumentation",,,1,0,0,"Wed Nov 10 2021 18:07:31 GMT+0000 (Coordinated Universal Time)","Tue Jun 07 2022 17:42:56 GMT+0000 (Coordinated Universal Time)"
"","618c0a6329697d002e6e483e"," #DemoFramatomeDisciplines"," 630df55908e5da0050df575d","Mécanique vibratoire","Vibratory mechanics","#VibratoryMechanics",,,0,0,0,"Wed Nov 10 2021 18:07:31 GMT+0000 (Coordinated Universal Time)","Tue Nov 16 2021 00:02:54 GMT+0000 (Coordinated Universal Time)"
"","618c0a6329697d002e6e484b"," #DemoFramatomeDisciplines"," 630df55908e5da0050df575d","Codes de calcul","Modelling codes","#PhysicalModelsOfComputerCodes",,,2,3,0,"Wed Nov 10 2021 18:07:31 GMT+0000 (Coordinated Universal Time)","Mon Oct 17 2022 10:37:21 GMT+0000 (Coordinated Universal Time)"
"","618c0a6429697d002e6e4858"," #DemoFramatomeDisciplines"," 630df55908e5da0050df575d","Physique des rayonnements","Radiation Physics","#RadiationPhysics",,,0,0,0,"Wed Nov 10 2021 18:07:32 GMT+0000 (Coordinated Universal Time)","Tue Nov 16 2021 00:02:55 GMT+0000 (Coordinated Universal Time)"
"","618c0a6429697d002e6e4865"," #DemoFramatomeDisciplines"," 630df55908e5da0050df575d","Métallurgie","Metallurgy","#Metallurgy",,,0,0,0,"Wed Nov 10 2021 18:07:32 GMT+0000 (Coordinated Universal Time)","Tue Nov 16 2021 00:02:55 GMT+0000 (Coordinated Universal Time)"
"","618c0a6429697d002e6e4872"," #DemoFramatomeDisciplines"," 630df55908e5da0050df575d","Démantèlement","Dismantling","#Dismantling",,,0,0,0,"Wed Nov 10 2021 18:07:32 GMT+0000 (Coordinated Universal Time)","Tue Jun 07 2022 17:42:56 GMT+0000 (Coordinated Universal Time)"
"","618c0a6429697d002e6e487f"," #DemoFramatomeDisciplines"," 630df55908e5da0050df575d","Génie civil","Civil Engineering","#CivilEngineering",,,0,0,0,"Wed Nov 10 2021 18:07:32 GMT+0000 (Coordinated Universal Time)","Tue Jun 07 2022 17:42:57 GMT+0000 (Coordinated Universal Time)"
"","618c0a6429697d002e6e488c"," #DemoFramatomeDisciplines"," 630df55908e5da0050df575d","Incendies","Fire","#Fire",,,0,0,0,"Wed Nov 10 2021 18:07:32 GMT+0000 (Coordinated Universal Time)","Tue Jan 11 2022 00:02:06 GMT+0000 (Coordinated Universal Time)"
"","61927af729697d002e6f21a4","","",,,"#NoticeTechnique",,,0,1,0,"Mon Nov 15 2021 15:21:27 GMT+0000 (Coordinated Universal Time)","Tue Nov 16 2021 00:01:22 GMT+0000 (Coordinated Universal Time)"
"","61927c7e29697d002e6f2aaa","","",,,"#Tilt",,,0,1,0,"Mon Nov 15 2021 15:27:58 GMT+0000 (Coordinated Universal Time)","Fri Mar 18 2022 18:03:11 GMT+0000 (Coordinated Universal Time)"
"","619298b029697d002e6f3e9a","","",,,"#Pressuriseur",,,0,1,0,"Mon Nov 15 2021 17:28:16 GMT+0000 (Coordinated Universal Time)","Tue Nov 16 2021 11:18:48 GMT+0000 (Coordinated Universal Time)"
"","619298b429697d002e6f3ed7","","",,"themodynomic","#Thermodynamique",,,0,1,0,"Mon Nov 15 2021 17:28:20 GMT+0000 (Coordinated Universal Time)","Fri Apr 22 2022 17:41:56 GMT+0000 (Coordinated Universal Time)"
"","61929eaa29697d002e6f5c21","","",,,"#Dashboard",,,0,1,0,"Mon Nov 15 2021 17:53:46 GMT+0000 (Coordinated Universal Time)","Wed Jun 15 2022 14:24:32 GMT+0000 (Coordinated Universal Time)"
"","6197b31c5d925a002fd2ac2a","","",,,"#CentreRandD1",,,0,0,0,"Fri Nov 19 2021 14:22:20 GMT+0000 (Coordinated Universal Time)","Tue Nov 23 2021 00:01:21 GMT+0000 (Coordinated Universal Time)"
"","61a28905f4b79000332aa476","","",,,"#Iso19443",,,0,1,0,"Sat Nov 27 2021 19:37:41 GMT+0000 (Coordinated Universal Time)","Thu Sep 08 2022 13:35:40 GMT+0000 (Coordinated Universal Time)"
"","61c04a6e3478af002ffc1971",""," 630df55008e5da0050df4c37","Compartimentage",,"#Compartimentage",,,1,0,0,"Mon Dec 20 2021 09:18:38 GMT+0000 (Coordinated Universal Time)","Tue Dec 21 2021 00:01:58 GMT+0000 (Coordinated Universal Time)"
"","61c088ba3478af002ffc743e",""," 630df55908e5da0050df575d","Peinture",,"#Peinture",,,0,0,0,"Mon Dec 20 2021 13:44:26 GMT+0000 (Coordinated Universal Time)","Tue Dec 21 2021 00:01:59 GMT+0000 (Coordinated Universal Time)"
"","61c1afd013c975002f7767bf","","","devise monetaire",,"#DeviseMonetaire",,,0,0,0,"Tue Dec 21 2021 10:43:28 GMT+0000 (Coordinated Universal Time)","Thu Mar 03 2022 12:04:22 GMT+0000 (Coordinated Universal Time)"
"","61c1b30813c975002f776b7f","","","dé-carbonisation",,"#DeCarbonisation",,,0,0,0,"Tue Dec 21 2021 10:57:12 GMT+0000 (Coordinated Universal Time)","Tue Dec 28 2021 00:01:12 GMT+0000 (Coordinated Universal Time)"
"","61c1b31013c975002f776bbf","","","Ligne production L3",,"#LigneProductionL3",,,0,0,0,"Tue Dec 21 2021 10:57:20 GMT+0000 (Coordinated Universal Time)","Tue Dec 28 2021 00:01:12 GMT+0000 (Coordinated Universal Time)"
"","61c43500c112bb002f67795c","","","angleterre",,"#Angleterre",,,0,0,0,"Thu Dec 23 2021 08:36:16 GMT+0000 (Coordinated Universal Time)","Tue Dec 28 2021 00:01:16 GMT+0000 (Coordinated Universal Time)"
"","61d450637399450033907806",""," 630df55908e5da0050df575d","Chimie moléculaire",,"#ChimieMoleculaire",,,0,0,0,"Tue Jan 04 2022 13:49:23 GMT+0000 (Coordinated Universal Time)","Tue Jan 11 2022 00:01:07 GMT+0000 (Coordinated Universal Time)"
"","61d45bd173994500339086cd","","",,,"#P4Rep1300",,,0,0,0,"Tue Jan 04 2022 14:38:09 GMT+0000 (Coordinated Universal Time)","Tue Jan 11 2022 00:01:07 GMT+0000 (Coordinated Universal Time)"
"","61d4645b7399450033909bb5"," #IT #BI","","DataViz","Data Visualisation","#DataViz",,,2,1,0,"Tue Jan 04 2022 15:14:35 GMT+0000 (Coordinated Universal Time)","Tue Jun 07 2022 08:43:11 GMT+0000 (Coordinated Universal Time)"
"","61d59d36739945003390c6b0","","","Matrice de conformité",,"#ComplianceMatrix",,,0,3,0,"Wed Jan 05 2022 13:29:26 GMT+0000 (Coordinated Universal Time)","Mon Oct 24 2022 13:36:25 GMT+0000 (Coordinated Universal Time)"
"","61d5a23a739945003390cf2b",""," 630df55908e5da0050df575d","Electronique",,"#Electronique",,,1,0,0,"Wed Jan 05 2022 13:50:50 GMT+0000 (Coordinated Universal Time)","Wed Jun 08 2022 14:42:13 GMT+0000 (Coordinated Universal Time)"
"","61dd5c771ff1c7003383f4b6",""," 630df55008e5da0050df4c37","Defibrilateur",,"#Defibrilateur",,,2,0,0,"Tue Jan 11 2022 10:31:19 GMT+0000 (Coordinated Universal Time)","Mon May 23 2022 08:42:06 GMT+0000 (Coordinated Universal Time)"
"","61e97275668e58002f91a7fc","","","Logement MX8",,"#LogementMx8",,,0,0,0,"Thu Jan 20 2022 14:32:21 GMT+0000 (Coordinated Universal Time)","Tue Feb 01 2022 00:01:10 GMT+0000 (Coordinated Universal Time)"
"","61efc56f668e58002f947255",""," 630df55908e5da0050df575d","Motricité nucléaire",,"#MotriciteNucleaire",,,3,0,0,"Tue Jan 25 2022 09:39:59 GMT+0000 (Coordinated Universal Time)","Tue Sep 13 2022 10:35:46 GMT+0000 (Coordinated Universal Time)"
"","61f90b3ce129df002f2cffc6",""," 630df55908e5da0050df575d","Connectivité satellite",,"#ConnectiviteSattelite",,,0,0,0,"Tue Feb 01 2022 10:28:12 GMT+0000 (Coordinated Universal Time)","Wed Feb 02 2022 12:00:58 GMT+0000 (Coordinated Universal Time)"
"","61fa4b23e129df002f3085c4",""," 630df55908e5da0050df575d","Protection incendit",,"#ProtectionIncendit",,,0,0,0,"Wed Feb 02 2022 09:13:07 GMT+0000 (Coordinated Universal Time)","Thu Feb 10 2022 15:01:05 GMT+0000 (Coordinated Universal Time)"
"","61fa4b35e129df002f3086a8",""," 630df55908e5da0050df575d","Extincteurs",,"#Extincteurs",,,0,0,0,"Wed Feb 02 2022 09:13:25 GMT+0000 (Coordinated Universal Time)","Thu Feb 10 2022 15:01:05 GMT+0000 (Coordinated Universal Time)"
"","61fa4d76e129df002f308aba","","","Leonis",,"#Leonis",,,0,0,0,"Wed Feb 02 2022 09:23:02 GMT+0000 (Coordinated Universal Time)","Thu Feb 10 2022 15:01:06 GMT+0000 (Coordinated Universal Time)"
"","62051027e129df002f4da732",""," 630df55908e5da0050df575d","Modélisation",,"#Modelisation",,,0,0,0,"Thu Feb 10 2022 13:16:23 GMT+0000 (Coordinated Universal Time)","Mon May 16 2022 11:42:05 GMT+0000 (Coordinated Universal Time)"
"","6205123ce129df002f4daff8","","","Chemin critique",,"#CheminCritique",,,0,0,0,"Thu Feb 10 2022 13:25:16 GMT+0000 (Coordinated Universal Time)","Mon May 16 2022 11:42:05 GMT+0000 (Coordinated Universal Time)"
"","62052de8e129df002f4e3ab3"," #DTIHumanResources #DTI"," 630df24c08e5da0050dc9d6f","DTI KM",,"#DtiKm",,,7,0,0,"Thu Feb 10 2022 15:23:20 GMT+0000 (Coordinated Universal Time)","Thu Oct 13 2022 13:36:48 GMT+0000 (Coordinated Universal Time)"
"","62052e58e129df002f4e3f51",""," 630df55008e5da0050df4c37","Radiateur",,"#Radiateur",,,0,0,0,"Thu Feb 10 2022 15:25:12 GMT+0000 (Coordinated Universal Time)","Fri Feb 11 2022 15:01:06 GMT+0000 (Coordinated Universal Time)"
"","6206790329f134002fcadeda",""," 630df55908e5da0050df575d","Rail léger",,"#RailLeger",,,0,0,0,"Fri Feb 11 2022 14:56:03 GMT+0000 (Coordinated Universal Time)","Wed Mar 02 2022 00:04:14 GMT+0000 (Coordinated Universal Time)"
"","6206de1ebe09f310a84a52eb","","","Finance","Finance","#Finance",,,0,1,0,"Sun Apr 08 2018 21:42:06 GMT+0000 (Coordinated Universal Time)","Sat Feb 12 2022 00:02:49 GMT+0000 (Coordinated Universal Time)"
"","6206decabe09f310a84ab47b","","","Allemand","German","#Allemand",,,0,0,0,"Mon Apr 23 2018 09:19:42 GMT+0000 (Coordinated Universal Time)","Tue Oct 04 2022 13:35:51 GMT+0000 (Coordinated Universal Time)"
"","6206ded7be09f310a84abc46"," #Hobbies","","Football","Football","#Football",,,0,0,0,"Mon Apr 16 2018 14:20:15 GMT+0000 (Coordinated Universal Time)","Fri Mar 18 2022 09:04:24 GMT+0000 (Coordinated Universal Time)"
"","6206def7be09f310a84acd82"," #HiddenTalents #Hobbies","","Cuisine","Cuisine","#Cookery",,,3,0,0,"Mon Apr 23 2018 09:20:02 GMT+0000 (Coordinated Universal Time)","Wed May 25 2022 17:42:44 GMT+0000 (Coordinated Universal Time)"
"","6206dfe0be09f310a84b52d0"," #SoftSkills #Sales","","Prospection commerciale","Sales prospecting","#SalesProspecting",,,1,1,0,"Mon Apr 16 2018 11:18:00 GMT+0000 (Coordinated Universal Time)","Wed Mar 16 2022 12:04:47 GMT+0000 (Coordinated Universal Time)"
"","6206e1b4be09f310a84c3aff","","","Community Management","Community Management","#CommunityManagement",,,0,0,0,"Mon May 07 2018 18:30:19 GMT+0000 (Coordinated Universal Time)","Tue Jun 07 2022 08:42:11 GMT+0000 (Coordinated Universal Time)"
"","6206e35fbe09f310a84cea68"," #IT #Python #SolutionsDexplicabilite #ChangeManagement","","Intelligence Artificielle","Artificial Intelligence ","#ArtificialIntelligence",,,3,0,0,"Tue May 08 2018 11:59:41 GMT+0000 (Coordinated Universal Time)","Wed Jun 15 2022 14:28:39 GMT+0000 (Coordinated Universal Time)"
"","6206e379be09f310a84cf6a1"," #Hobbies","","Cinéma","Cinema","#Cinema",,,2,0,0,"Fri May 04 2018 13:40:56 GMT+0000 (Coordinated Universal Time)","Sat Feb 12 2022 00:28:16 GMT+0000 (Coordinated Universal Time)"
"","6206e476be09f310a84d6c98"," #Hobbies","","Yoga","Yoga","#Yoga",,,1,0,0,"Tue May 08 2018 09:38:23 GMT+0000 (Coordinated Universal Time)","Sat Feb 12 2022 00:28:20 GMT+0000 (Coordinated Universal Time)"
"","6206e488be09f310a84d7586"," #Heart","","Sport","Sport","#Sport",,,1,0,0,"Fri May 04 2018 14:46:29 GMT+0000 (Coordinated Universal Time)","Thu Sep 08 2022 13:37:40 GMT+0000 (Coordinated Universal Time)"
"","6206e918be09f310a84f8774"," #Software #Sales #Administration","","Outlook","Outlook","#Outlook",,,0,1,0,"Thu May 10 2018 13:13:43 GMT+0000 (Coordinated Universal Time)","Sat Feb 12 2022 00:23:40 GMT+0000 (Coordinated Universal Time)"
"","6206ea39be09f310a8501edf"," #Hidden","","Talents cachés","Hidden Talents","#HiddenTalents",,,0,0,0,"Mon Apr 01 2019 08:13:19 GMT+0000 (Coordinated Universal Time)","Sat Feb 12 2022 12:18:21 GMT+0000 (Coordinated Universal Time)"
"","6206ea6abe09f310a850376a"," #FramatomeSkills52815","","Gestion de projet","Project Management","#ProjectManagement",,,2,3,0,"Tue Jun 11 2019 16:31:35 GMT+0000 (Coordinated Universal Time)","Mon May 16 2022 11:43:04 GMT+0000 (Coordinated Universal Time)"
"","6206ea84be09f310a8504530"," #HR","","On Recrute !","We Are Hiring!","#OnRecrute",,,0,0,0,"Tue Jun 11 2019 16:33:11 GMT+0000 (Coordinated Universal Time)","Sat Feb 12 2022 00:23:12 GMT+0000 (Coordinated Universal Time)"
"","6206eab9be09f310a85061ab"," #GeographicArea","","Afrique","Africa","#Africa",,,0,0,0,"Tue Jun 11 2019 16:31:55 GMT+0000 (Coordinated Universal Time)","Sat Feb 12 2022 00:33:04 GMT+0000 (Coordinated Universal Time)"
"","6206eaf9be09f310a850839e"," #Legal #RiskManagement","","Conformité","Compliance","#Compliance",,,0,2,0,"Tue Jun 11 2019 16:36:25 GMT+0000 (Coordinated Universal Time)","Mon Oct 24 2022 13:47:20 GMT+0000 (Coordinated Universal Time)"
"","6206eb00be09f310a850875c"," #TopManagement","","Communication Interne","Internal Communication","#InternalCommunication",,,0,0,0,"Tue Jun 11 2019 16:36:27 GMT+0000 (Coordinated Universal Time)","Sat Feb 12 2022 00:26:11 GMT+0000 (Coordinated Universal Time)"
"","6206eb1dbe09f310a85095c3"," #Marketing","","Content Marketing","Content Marketing","#ContentMarketing",,,0,1,0,"Tue Jun 11 2019 16:31:50 GMT+0000 (Coordinated Universal Time)","Wed Mar 16 2022 12:04:37 GMT+0000 (Coordinated Universal Time)"
"","6206eb31be09f310a8509feb"," #Heart","","Art","Art","#Art",,,1,0,0,"Tue Jun 11 2019 16:35:10 GMT+0000 (Coordinated Universal Time)","Sat Feb 12 2022 00:23:08 GMT+0000 (Coordinated Universal Time)"
"","6206eb6abe09f310a850bc3f"," #Hobbies","","Lecture","Reading","#Reading",,,1,0,0,"Tue Jun 11 2019 16:32:43 GMT+0000 (Coordinated Universal Time)","Sat Feb 12 2022 00:28:30 GMT+0000 (Coordinated Universal Time)"
"","6206eb7abe09f310a850c350"," #HiddenTalents #Hobbies","","Rugby","Rugby","#Rugby",,,1,0,0,"Tue Jun 11 2019 16:33:43 GMT+0000 (Coordinated Universal Time)","Wed Mar 02 2022 09:05:26 GMT+0000 (Coordinated Universal Time)"
"","6206eb86be09f310a850c8e8"," #ProgrammingLanguages #IT #Github #Adpotion #ChangeManagement","","Python","Python","#Python",,,6,1,0,"Tue Jun 11 2019 16:35:49 GMT+0000 (Coordinated Universal Time)","Wed Jun 15 2022 14:28:45 GMT+0000 (Coordinated Universal Time)"
"","6206ebbbbe09f310a850e4d9"," #Countries","","Allemagne","Germany","#Germany",,,0,0,0,"Tue Jun 11 2019 16:34:02 GMT+0000 (Coordinated Universal Time)","Sat Feb 12 2022 00:30:35 GMT+0000 (Coordinated Universal Time)"
"","6206eebfbe09f310a853215e"," #IT","","Data Processing","Data Processing","#DataProcessing",,,1,0,0,"Tue Jun 11 2019 16:31:52 GMT+0000 (Coordinated Universal Time)","Sat Feb 12 2022 00:26:59 GMT+0000 (Coordinated Universal Time)"
"","6206eed4be09f310a8532bda","","","Boxe Française","French Boxing","#BoxeFrancaise",,,1,0,0,"Tue Jun 11 2019 16:33:06 GMT+0000 (Coordinated Universal Time)","Sat Feb 12 2022 00:08:42 GMT+0000 (Coordinated Universal Time)"
"","6206efebbe09f310a853915c"," #Hidden","",,,"#Club",,,0,0,0,"Mon Jun 17 2019 10:21:02 GMT+0000 (Coordinated Universal Time)","Wed Jun 15 2022 14:29:00 GMT+0000 (Coordinated Universal Time)"
"","6206f0d7be09f310a85407dd"," #Hidden","",,,"#Heart",,,0,0,0,"Mon Jun 17 2019 10:21:24 GMT+0000 (Coordinated Universal Time)","Sat Feb 12 2022 12:18:22 GMT+0000 (Coordinated Universal Time)"
"","6206f131be09f310a85431a6"," #ProgrammingLanguages #IT","","Gestionnaire de balises Google","Google Tag Manager","#GoogleTagManager",,,0,0,0,"Tue Jun 11 2019 16:34:53 GMT+0000 (Coordinated Universal Time)","Sat Feb 12 2022 00:27:00 GMT+0000 (Coordinated Universal Time)"
"","6206f13fbe09f310a85437e4"," #Club #TrendingWings #BI","","Big Data","Big Data","#BigData",,,1,0,0,"Tue Jun 11 2019 16:35:30 GMT+0000 (Coordinated Universal Time)","Sat Feb 12 2022 00:21:09 GMT+0000 (Coordinated Universal Time)"
"","6206f152be09f310a8544069"," #CorporateCommunication","","Communication Externe","External Communication","#ExternalCommunication",,,0,1,0,"Tue Jun 11 2019 16:36:26 GMT+0000 (Coordinated Universal Time)","Sat Feb 12 2022 00:27:35 GMT+0000 (Coordinated Universal Time)"
"","6206f16dbe09f310a8544d9a","","","Gestion Des Opérations","Operations Management","#GestionDesOperations",,,1,0,0,"Tue Jun 11 2019 16:32:08 GMT+0000 (Coordinated Universal Time)","Sat Feb 12 2022 00:09:20 GMT+0000 (Coordinated Universal Time)"
"","6206f197be09f310a8546286"," #Software","","Microsoft Office","Microsoft Office","#MicrosoftOffice",,,0,1,0,"Tue Jun 11 2019 16:35:53 GMT+0000 (Coordinated Universal Time)","Wed Mar 16 2022 18:04:32 GMT+0000 (Coordinated Universal Time)"
"","6206f1dfbe09f310a8548635"," #Marketing #SoftSkills","","SEO","SEO","#SEO",,,0,0,0,"Tue Jun 11 2019 16:37:25 GMT+0000 (Coordinated Universal Time)","Sat Feb 12 2022 00:25:22 GMT+0000 (Coordinated Universal Time)"
"","6206f258be09f310a854bf30","","","Nomade","Nomadic","#Nomade",,,0,0,0,"Tue Jun 11 2019 16:36:35 GMT+0000 (Coordinated Universal Time)","Sat Feb 12 2022 00:09:41 GMT+0000 (Coordinated Universal Time)"
"","6206f2e3be09f310a8550221"," #HiddenTalents","","Under Water Rugby","Rugby Subaquatique","#UnderWaterRugby",,,1,0,0,"Tue Jun 11 2019 16:33:44 GMT+0000 (Coordinated Universal Time)","Thu Sep 08 2022 13:37:37 GMT+0000 (Coordinated Universal Time)"
"","6206f373be09f310a85544f4"," #TrendingWings #TopManagement #Python #SolutionsDexplicabilite","","Management du Changement","Change Management","#ChangeManagement","Mes compétences change & project management","My change & project management skills",0,0,0,"Tue Jun 11 2019 16:31:37 GMT+0000 (Coordinated Universal Time)","Wed Jun 15 2022 14:28:39 GMT+0000 (Coordinated Universal Time)"
"","6206f39dbe09f310a85557ec"," #TopManagement","","Expérience Collaborateur","Employee Experience","#EmployeeExperience",,,0,0,0,"Tue Jun 11 2019 16:33:18 GMT+0000 (Coordinated Universal Time)","Wed Mar 02 2022 09:05:40 GMT+0000 (Coordinated Universal Time)"
"","6206f43abe09f310a855b63c","","","Support Technique","Technical Support","#TechnicalSupport",,,2,0,0,"Fri Jul 05 2019 09:36:59 GMT+0000 (Coordinated Universal Time)","Sat Feb 12 2022 12:05:02 GMT+0000 (Coordinated Universal Time)"
"","6206f450be09f310a855c2f0"," #CoffeeSkills","","Compétences Café","Coffee Skills","#CoffeeSkills",,,1,0,0,"Fri Jul 05 2019 09:38:35 GMT+0000 (Coordinated Universal Time)","Thu Oct 13 2022 13:37:05 GMT+0000 (Coordinated Universal Time)"
"","62070551be09f310a85c349e"," #Hobbies #Hidden","","Loisirs","Hobbies","#Hobbies",,,0,0,0,"Fri Jul 05 2019 09:37:24 GMT+0000 (Coordinated Universal Time)","Tue Oct 25 2022 07:43:19 GMT+0000 (Coordinated Universal Time)"
"","62070891be09f310a85d54f6","","","Logiciels","Software","#Software",,,1,0,0,"Fri Jul 05 2019 09:38:57 GMT+0000 (Coordinated Universal Time)","Wed Jun 08 2022 13:48:00 GMT+0000 (Coordinated Universal Time)"
"","62070915be09f310a85d905e","","","Ressources Humaines","Human Resources","#HR",,,0,0,0,"Thu Jul 04 2019 12:59:02 GMT+0000 (Coordinated Universal Time)","Sat Feb 12 2022 12:05:27 GMT+0000 (Coordinated Universal Time)"
"","62071055be09f310a85f3a68"," #SoftSkills","","Marketing","Marketing","#Marketing",,,2,0,0,"Thu Jul 04 2019 13:07:40 GMT+0000 (Coordinated Universal Time)","Wed Mar 16 2022 15:04:38 GMT+0000 (Coordinated Universal Time)"
"","62071470be09f310a8608043"," #Hidden","","Trending Wings","Trending Wings","#TrendingWings",,,0,0,0,"Fri Jul 05 2019 09:38:14 GMT+0000 (Coordinated Universal Time)","Wed Jun 15 2022 14:29:00 GMT+0000 (Coordinated Universal Time)"
"","620714efbe09f310a860b526"," #Countries #Hidden","","Pays","Countries","#Countries",,,0,0,0,"Fri Jul 05 2019 09:40:11 GMT+0000 (Coordinated Universal Time)","Sat Feb 12 2022 12:14:08 GMT+0000 (Coordinated Universal Time)"
"","6207158cbe09f310a8611ecf"," #FramatomeCodes2 #FramatomeCodes","","Langages Informatique","Programming Languages","#ProgrammingLanguages",,,3,0,0,"Fri Jul 05 2019 09:39:49 GMT+0000 (Coordinated Universal Time)","Wed Mar 16 2022 12:04:53 GMT+0000 (Coordinated Universal Time)"
"","620719f7be09f310a86290f8","","","IT","IT","#IT",,,2,0,0,"Fri Jul 05 2019 09:34:43 GMT+0000 (Coordinated Universal Time)","Wed Mar 16 2022 12:03:27 GMT+0000 (Coordinated Universal Time)"
"","62071b5abe09f310a8630956"," #Club #Legal #Hidden","","Compétences juridiques","Legal skills","#Legal","Je peux aider sur ces sujets juridiques","I can help on these legal matters",0,0,0,"Thu Jul 04 2019 13:04:21 GMT+0000 (Coordinated Universal Time)","Sat Feb 12 2022 12:13:03 GMT+0000 (Coordinated Universal Time)"
"","62071d91be09f310a863694d","","","Business Intelligence","Business Intelligence","#BI",,,0,0,0,"Thu Jul 04 2019 13:09:06 GMT+0000 (Coordinated Universal Time)","Wed Jun 15 2022 14:24:56 GMT+0000 (Coordinated Universal Time)"
"","62073703be09f310a866fc02"," #SoftSkills #Hidden","","Soft Skills","Soft Skills","#SoftSkills",,,0,0,0,"Fri Jul 05 2019 09:37:54 GMT+0000 (Coordinated Universal Time)","Sat Feb 12 2022 12:15:41 GMT+0000 (Coordinated Universal Time)"
"","6207391cbe09f310a8673edd","","","Langues","Languages","#Languages","Mes langues","My languages",0,1,0,"Fri Jul 05 2019 09:39:12 GMT+0000 (Coordinated Universal Time)","Wed Jun 08 2022 13:50:45 GMT+0000 (Coordinated Universal Time)"
"","62073c80be09f310a867bdcd","","","Vente","Sales","#Sales","Activités commerciales",,1,4,0,"Thu Jul 04 2019 13:03:22 GMT+0000 (Coordinated Universal Time)","Thu Jun 23 2022 07:55:41 GMT+0000 (Coordinated Universal Time)"
"","620741b8be09f310a8686c65","","","Top Management","Top Management","#TopManagement",,,0,0,0,"Thu Jul 04 2019 13:08:03 GMT+0000 (Coordinated Universal Time)","Sat Feb 12 2022 12:06:39 GMT+0000 (Coordinated Universal Time)"
"","6207470abe09f310a8693420","","","Administration","Administration","#Administration",,,0,0,0,"Thu Jul 04 2019 13:05:05 GMT+0000 (Coordinated Universal Time)","Sat Feb 12 2022 12:07:04 GMT+0000 (Coordinated Universal Time)"
"","620749f0be09f310a869a598"," #CorporateCommunicationSkills","","Communication Institutionnelle","Corporate Communication","#CorporateCommunication",,,0,0,0,"Fri Jul 05 2019 09:36:24 GMT+0000 (Coordinated Universal Time)","Sat Feb 12 2022 12:19:09 GMT+0000 (Coordinated Universal Time)"
"","62074ab7be09f310a869d1fd"," #Countries","","États-Unis","USA","#USA",,,1,1,0,"Mon Jul 08 2019 16:21:00 GMT+0000 (Coordinated Universal Time)","Thu Sep 08 2022 13:37:47 GMT+0000 (Coordinated Universal Time)"
"","62074b6dbe09f310a86a0335"," #Countries","","Espagne","Spain","#Spain",,,0,1,0,"Mon Jul 08 2019 16:21:00 GMT+0000 (Coordinated Universal Time)","Sat Feb 12 2022 06:18:06 GMT+0000 (Coordinated Universal Time)"
"","62074ba7be09f310a86a13b0","","","Plan de formation","Training Plan","#TrainingPlan",,,1,0,0,"Mon Jul 08 2019 16:17:44 GMT+0000 (Coordinated Universal Time)","Tue Feb 22 2022 18:01:37 GMT+0000 (Coordinated Universal Time)"
"","62074bb5be09f310a86a1813"," #Countries","","Canada","Canada","#Canada",,,0,1,0,"Mon Jul 08 2019 16:21:00 GMT+0000 (Coordinated Universal Time)","Thu Jun 23 2022 07:57:18 GMT+0000 (Coordinated Universal Time)"
"","62074bd4be09f310a86a2215"," #CorporateCommunication","","Relations Publiques","Public Relations","#PublicRelations",,,0,1,0,"Mon Jul 08 2019 16:21:00 GMT+0000 (Coordinated Universal Time)","Sat Feb 12 2022 06:10:47 GMT+0000 (Coordinated Universal Time)"
"","62074d37be09f310a86a852f","","","Retraites & Prévoyance","Pension & Personal Risk","#PensionPersonalRisk",,,0,0,0,"Mon Jul 08 2019 16:21:00 GMT+0000 (Coordinated Universal Time)","Sat Feb 12 2022 09:04:16 GMT+0000 (Coordinated Universal Time)"
"","62074e59be09f310a86ad1b0"," #IT","","Développement logiciels","Software development","#SoftwareDevelopment",,,1,0,0,"Mon Jul 08 2019 16:23:12 GMT+0000 (Coordinated Universal Time)","Sat Feb 12 2022 12:14:21 GMT+0000 (Coordinated Universal Time)"
"","62074e87be09f310a86ae0ef"," #Legal","","Risk Management","Risk Management","#RiskManagement",,,0,0,0,"Mon Jul 08 2019 16:23:12 GMT+0000 (Coordinated Universal Time)","Sat Feb 12 2022 12:14:26 GMT+0000 (Coordinated Universal Time)"
"","62074fc3be09f310a86b332a"," #TrendingWings","","Knowledge Management","Knowledge Management","#KnowledgeManagement",,,2,0,0,"Mon Jul 08 2019 16:24:24 GMT+0000 (Coordinated Universal Time)","Tue Feb 22 2022 18:05:16 GMT+0000 (Coordinated Universal Time)"
"","6207506cbe09f310a86b6028","","","Contrôle Qualité","Quality Control","#QualityControl",,,1,0,0,"Mon Jul 08 2019 16:23:12 GMT+0000 (Coordinated Universal Time)","Tue Oct 25 2022 07:43:47 GMT+0000 (Coordinated Universal Time)"
"","62075f7fbe09f310a86def97"," #Hidden","","Caché","Hidden","#Hidden",,,0,0,0,"Fri Oct 25 2019 14:39:51 GMT+0000 (Coordinated Universal Time)","Fri Apr 01 2022 18:04:25 GMT+0000 (Coordinated Universal Time)"
"","620760e5be09f310a86e1eaf","","","Ingénierie Pédagogique","Instructional design","#InstructionalDesign",,,1,0,0,"Mon Oct 28 2019 13:26:09 GMT+0000 (Coordinated Universal Time)","Sat Feb 12 2022 09:14:18 GMT+0000 (Coordinated Universal Time)"
"","620771fcbe09f310a8734d1a"," #SoftSkills #TopManagement","","Team Building","Team Building","#TeamBuilding",,,0,0,0,"Thu Oct 31 2019 15:48:07 GMT+0000 (Coordinated Universal Time)","Sat Feb 12 2022 09:20:47 GMT+0000 (Coordinated Universal Time)"
"","62077212be09f310a8735234"," #IT #SoftwareDevelopment","","Devops","Devops","#Devops",,,0,0,0,"Thu Oct 31 2019 15:50:43 GMT+0000 (Coordinated Universal Time)","Wed Mar 02 2022 09:06:09 GMT+0000 (Coordinated Universal Time)"
"","62077423be09f310a873b2f1","","","Coach","Coach","#Coach",,,0,0,0,"Wed Oct 21 2020 13:07:40 GMT+0000 (Coordinated Universal Time)","Sat Feb 12 2022 09:08:00 GMT+0000 (Coordinated Universal Time)"
"","6207745abe09f310a873c948","","","Qualité","Quality","#Quality",,,1,0,0,"Fri Nov 13 2020 22:28:01 GMT+0000 (Coordinated Universal Time)","Sat Feb 12 2022 09:08:07 GMT+0000 (Coordinated Universal Time)"
"","620774f1be09f310a873edc9","","",,,"#FramatomeCodes2",,,0,0,0,"Thu Mar 04 2021 17:14:30 GMT+0000 (Coordinated Universal Time)","Sat Feb 12 2022 12:08:02 GMT+0000 (Coordinated Universal Time)"
"","6207753fbe09f310a8740a42","","",,,"#CorporateCommunicationSkills",,,0,0,0,"Thu Feb 03 2022 15:36:27 GMT+0000 (Coordinated Universal Time)","Sat Feb 12 2022 12:08:28 GMT+0000 (Coordinated Universal Time)"
"","620775ecbe09f310a8743094","","",,,"#FramatomeCodes",,,0,0,0,"Thu Feb 03 2022 16:26:43 GMT+0000 (Coordinated Universal Time)","Sat Feb 12 2022 12:08:36 GMT+0000 (Coordinated Universal Time)"
"","62077607be09f310a8743670","","",,,"#GeographicArea",,,0,0,0,"Fri Feb 04 2022 09:34:44 GMT+0000 (Coordinated Universal Time)","Sat Feb 12 2022 12:08:38 GMT+0000 (Coordinated Universal Time)"
"","62077617be09f310a8743e2f","","",,,"#FramatomeSkills52815",,,0,0,0,"Fri Feb 04 2022 10:22:26 GMT+0000 (Coordinated Universal Time)","Sat Feb 12 2022 12:08:44 GMT+0000 (Coordinated Universal Time)"
"","620f78c7177443002fd76f12",""," 630df55908e5da0050df575d",,"Geophysics","#Geophysics",,,0,0,0,"Fri Feb 18 2022 10:45:27 GMT+0000 (Coordinated Universal Time)","Fri Feb 18 2022 15:02:43 GMT+0000 (Coordinated Universal Time)"
"","620fabd9a85b54002f98bcb6",""," 630df55908e5da0050df575d","Data engineering",,"#DataEngineering",,,0,0,0,"Fri Feb 18 2022 14:23:21 GMT+0000 (Coordinated Universal Time)","Mon Feb 21 2022 15:02:46 GMT+0000 (Coordinated Universal Time)"
"","6213a1f5a85b54002fad40d1",""," 630df55908e5da0050df575d","Sécurité informatique",,"#SecuriteInformatique",,,0,0,0,"Mon Feb 21 2022 14:30:13 GMT+0000 (Coordinated Universal Time)","Wed Mar 02 2022 00:05:47 GMT+0000 (Coordinated Universal Time)"
"","6213c49da85b54002fae344c",""," 630df55908e5da0050df575d","Réduction des crissements",,"#ReductionDesCrissements",,,0,0,0,"Mon Feb 21 2022 16:58:05 GMT+0000 (Coordinated Universal Time)","Wed Mar 02 2022 00:05:48 GMT+0000 (Coordinated Universal Time)"
"","6215007ea85b54002fb59327",""," 630df55908e5da0050df575d","Crise d'ébullition",,"#CriseDebullition",,,2,0,0,"Tue Feb 22 2022 15:25:50 GMT+0000 (Coordinated Universal Time)","Tue Jun 07 2022 17:42:24 GMT+0000 (Coordinated Universal Time)"
"","621500a0a85b54002fb5946e",""," 630df55908e5da0050df575d","Ejection de grappe sans AAR",,"#EjectionDeGrappeSansAar",,,1,0,0,"Tue Feb 22 2022 15:26:24 GMT+0000 (Coordinated Universal Time)","Mon Apr 18 2022 07:09:50 GMT+0000 (Coordinated Universal Time)"
"","621500afa85b54002fb594fe",""," 630df55908e5da0050df575d","Retrait de grappes",,"#RetraitDeGrappes71678",,,1,0,0,"Tue Feb 22 2022 15:26:39 GMT+0000 (Coordinated Universal Time)","Tue Oct 25 2022 07:43:04 GMT+0000 (Coordinated Universal Time)"
"","62163244a85b54002fbc351f"," #Hidden"," 630df47e08e5da0050de7a3c","Flamanville-5",,"#Flamanville5",,,0,0,0,"Wed Feb 23 2022 13:10:28 GMT+0000 (Coordinated Universal Time)","Wed Feb 23 2022 15:03:02 GMT+0000 (Coordinated Universal Time)"
"","621e044e4afe5c002f5f71d5",""," 630df55908e5da0050df575d","Systèmes complexes",,"#SystemesComplexes",,,0,0,0,"Tue Mar 01 2022 11:32:30 GMT+0000 (Coordinated Universal Time)","Thu Mar 03 2022 12:06:10 GMT+0000 (Coordinated Universal Time)"
"","621e04524afe5c002f5f720f",""," 630df47e08e5da0050de7a3c","FMI-CS 2.0",,"#FmiCs20",,,2,0,0,"Tue Mar 01 2022 11:32:34 GMT+0000 (Coordinated Universal Time)","Tue Sep 13 2022 10:36:01 GMT+0000 (Coordinated Universal Time)"
"","621e04574afe5c002f5f7245",""," 630df55908e5da0050df575d","Java",,"#Java",,,0,0,0,"Tue Mar 01 2022 11:32:39 GMT+0000 (Coordinated Universal Time)","Mon Apr 18 2022 07:09:51 GMT+0000 (Coordinated Universal Time)"
"","621e046e4afe5c002f5f728e"," #Java","","JavaFMI",,"#JavaFmi",,,0,0,0,"Tue Mar 01 2022 11:33:02 GMT+0000 (Coordinated Universal Time)","Thu Mar 03 2022 12:06:10 GMT+0000 (Coordinated Universal Time)"
"","62208c140faf92002e2d9242","","","Pricing",,"#Prix",,,1,1,0,"Thu Mar 03 2022 09:36:20 GMT+0000 (Coordinated Universal Time)","Thu Mar 03 2022 12:06:11 GMT+0000 (Coordinated Universal Time)"
"","62208c2b0faf92002e2d929c","","","Travaux Groupés (TG)",,"#TravauxGroupes",,,1,1,0,"Thu Mar 03 2022 09:36:43 GMT+0000 (Coordinated Universal Time)","Thu Mar 03 2022 12:06:11 GMT+0000 (Coordinated Universal Time)"
"","62208c390faf92002e2d92ef","","","Chiffrage",,"#Chiffrage",,,0,1,0,"Thu Mar 03 2022 09:36:57 GMT+0000 (Coordinated Universal Time)","Thu Mar 03 2022 12:06:12 GMT+0000 (Coordinated Universal Time)"
"","62208e720faf92002e2d9a00"," #Operations"," 630df55008e5da0050df4c37","IEP",,"#Iep",,,3,1,0,"Thu Mar 03 2022 09:46:26 GMT+0000 (Coordinated Universal Time)","Mon May 16 2022 11:43:11 GMT+0000 (Coordinated Universal Time)"
"","62208e840faf92002e2d9a69","","","BDT",,"#Bdt","Bon de travail",,1,1,0,"Thu Mar 03 2022 09:46:44 GMT+0000 (Coordinated Universal Time)","Mon May 16 2022 11:42:16 GMT+0000 (Coordinated Universal Time)"
"","62208e8e0faf92002e2d9ac9",""," 630df55008e5da0050df4c37","Cinke-P",,"#CinkeP",,,2,1,0,"Thu Mar 03 2022 09:46:54 GMT+0000 (Coordinated Universal Time)","Mon May 16 2022 11:42:17 GMT+0000 (Coordinated Universal Time)"
"","62272d91f24095002ef9f639",""," 630df55908e5da0050df575d","Réacteurs mobiles",,"#ReacteursMobiles",,,0,0,0,"Tue Mar 08 2022 10:18:57 GMT+0000 (Coordinated Universal Time)","Mon May 16 2022 11:42:17 GMT+0000 (Coordinated Universal Time)"
"","622b217f2c8e500032d43692",""," 630df55908e5da0050df575d","Géothermique",,"#Geothermique",,,0,0,0,"Fri Mar 11 2022 10:16:31 GMT+0000 (Coordinated Universal Time)","Wed Mar 16 2022 12:03:36 GMT+0000 (Coordinated Universal Time)"
"","622f468c2c8e500032e0e696",""," 630df55908e5da0050df575d","Grands convois",,"#GrandsConvois",,,0,0,0,"Mon Mar 14 2022 13:43:40 GMT+0000 (Coordinated Universal Time)","Wed Mar 16 2022 12:03:36 GMT+0000 (Coordinated Universal Time)"
"","622f48042c8e500032e0e9c9","","","iso12566",,"#Iso12566",,,0,0,0,"Mon Mar 14 2022 13:49:56 GMT+0000 (Coordinated Universal Time)","Thu Mar 17 2022 15:03:31 GMT+0000 (Coordinated Universal Time)"
"","6231b2e84f19cf002e738867","","","Jupyter",,"#Jupyter","Jupyter est une évolution du projet IPython. Jupyter permet de réaliser des calepins ou notebooks, c'est-à-dire des programmes contenant à la fois du texte en markdown et du code. Ces calepins sont utilisés en science des données pour explorer et analyser des données.",,0,0,0,"Wed Mar 16 2022 09:50:32 GMT+0000 (Coordinated Universal Time)","Wed Jun 15 2022 10:38:05 GMT+0000 (Coordinated Universal Time)"
"","6231b4984f19cf002e738d1b"," #IT"," 630df55008e5da0050df4c37","Github","Github","#Github",,,4,0,0,"Wed Mar 16 2022 09:57:44 GMT+0000 (Coordinated Universal Time)","Mon Jun 06 2022 14:43:22 GMT+0000 (Coordinated Universal Time)"
"","6231b70b4f19cf002e7394b4"," #Marketing","","Inbound Marketing",,"#InboundMarketing",,,0,0,0,"Wed Mar 16 2022 10:08:11 GMT+0000 (Coordinated Universal Time)","Wed Mar 16 2022 12:04:38 GMT+0000 (Coordinated Universal Time)"
"","6231b7124f19cf002e7394ea","","","CRM",,"#Crm",,,1,0,0,"Wed Mar 16 2022 10:08:18 GMT+0000 (Coordinated Universal Time)","Wed Mar 16 2022 12:03:38 GMT+0000 (Coordinated Universal Time)"
"","6231b7154f19cf002e73950c"," #Marketing #InboundMarketing #Crm","","Hubspot",,"#Hubspot","HubSpot est une plateforme dotée d'un CRM gratuit, couplé à des logiciels de marketing, de vente et de service client. Les logiciels de HubSpot (HubSpot CRM, Hub Marketing, Hub Sales, Hub Services, Hub CMS) permettent aux clients de HubSpot d'accélérer la croissance de leur entreprise.",,1,2,0,"Wed Mar 16 2022 10:08:21 GMT+0000 (Coordinated Universal Time)","Wed Mar 16 2022 12:04:38 GMT+0000 (Coordinated Universal Time)"
"","6231ba6c4f19cf002e739ddf"," #Hidden"," 630df47e08e5da0050de7a3c","Flamaville-4",,"#Flamaville4",,,0,0,0,"Wed Mar 16 2022 10:22:36 GMT+0000 (Coordinated Universal Time)","Tue May 17 2022 08:42:57 GMT+0000 (Coordinated Universal Time)"
"","6231bf864f19cf002e73aa22"," #Hubspot #InboundMarketing #ContentMarketing","","Marketing Hub",,"#MarketingHub",,,0,1,0,"Wed Mar 16 2022 10:44:22 GMT+0000 (Coordinated Universal Time)","Wed Mar 16 2022 12:04:32 GMT+0000 (Coordinated Universal Time)"
"","6231c3504f19cf002e73b5d4"," #ProgrammingLanguages","","CSS",,"#Css",,,0,1,0,"Wed Mar 16 2022 11:00:32 GMT+0000 (Coordinated Universal Time)","Wed Mar 16 2022 12:04:41 GMT+0000 (Coordinated Universal Time)"
"","6231c3674f19cf002e73b635"," #Marketing","","Email marketing",,"#EmailMarketing",,,0,1,0,"Wed Mar 16 2022 11:00:55 GMT+0000 (Coordinated Universal Time)","Wed Mar 16 2022 12:39:53 GMT+0000 (Coordinated Universal Time)"
"","6231dbb84f19cf002e743b01"," #MicrosoftOffice","","Office 365",,"#Office365",,,0,1,0,"Wed Mar 16 2022 12:44:40 GMT+0000 (Coordinated Universal Time)","Wed Mar 16 2022 15:04:30 GMT+0000 (Coordinated Universal Time)"
"","6231dbb94f19cf002e743b25"," #MicrosoftOffice #Office365","","Excel",,"#Excel",,,0,1,0,"Wed Mar 16 2022 12:44:41 GMT+0000 (Coordinated Universal Time)","Wed Jun 08 2022 13:34:12 GMT+0000 (Coordinated Universal Time)"
"","6231dc094f19cf002e743d4c","","","Power BI",,"#PowerBi",,,0,0,0,"Wed Mar 16 2022 12:46:01 GMT+0000 (Coordinated Universal Time)","Tue Jun 07 2022 08:42:21 GMT+0000 (Coordinated Universal Time)"
"","6231f30b4f19cf002e746822",""," 630df55908e5da0050df575d","Opérations",,"#Operations",,,1,1,0,"Wed Mar 16 2022 14:24:11 GMT+0000 (Coordinated Universal Time)","Tue Oct 04 2022 10:36:07 GMT+0000 (Coordinated Universal Time)"
"","6233444d4f19cf002e78ce31"," #Hidden"," 630df47e08e5da0050de7a3c","Flamanville-6",,"#Flamanville6",,,0,0,0,"Thu Mar 17 2022 14:23:09 GMT+0000 (Coordinated Universal Time)","Fri Mar 18 2022 09:04:31 GMT+0000 (Coordinated Universal Time)"
"","623345154f19cf002e78cfe1",""," 630df55908e5da0050df575d","Béton",,"#Beton",,,0,0,0,"Thu Mar 17 2022 14:26:29 GMT+0000 (Coordinated Universal Time)","Fri Mar 18 2022 09:03:32 GMT+0000 (Coordinated Universal Time)"
"","623453254f19cf002e7c3a21",""," 630df55908e5da0050df575d","Verre",,"#Verre",,,0,0,0,"Fri Mar 18 2022 09:38:45 GMT+0000 (Coordinated Universal Time)","Mon Mar 21 2022 09:03:31 GMT+0000 (Coordinated Universal Time)"
"","623453804f19cf002e7c3b11","","","Judo",,"#Judo",,,0,0,0,"Fri Mar 18 2022 09:40:16 GMT+0000 (Coordinated Universal Time)","Mon Mar 21 2022 09:03:32 GMT+0000 (Coordinated Universal Time)"
"","623831a081e89d002ec902b1","","","Livraison",,"#Livraison",,,0,1,0,"Mon Mar 21 2022 08:04:48 GMT+0000 (Coordinated Universal Time)","Mon Mar 21 2022 09:03:32 GMT+0000 (Coordinated Universal Time)"
"","6239d9ca81e89d002ece9173",""," 630df55908e5da0050df575d","Developpement",,"#Developpement",,,1,0,0,"Tue Mar 22 2022 14:14:34 GMT+0000 (Coordinated Universal Time)","Tue Mar 22 2022 15:03:32 GMT+0000 (Coordinated Universal Time)"
"","623b1fb281e89d002ed2527e"," #Hidden"," 630df48208e5da0050de7ea9","Naval Group",,"#NavalGroup",,,0,0,0,"Wed Mar 23 2022 13:25:06 GMT+0000 (Coordinated Universal Time)","Mon Apr 18 2022 07:21:20 GMT+0000 (Coordinated Universal Time)"
"","623ddd6f4b246400324f2bb5",""," 630df55908e5da0050df575d",,"High voltage","#HighVoltage",,,0,0,0,"Fri Mar 25 2022 15:19:11 GMT+0000 (Coordinated Universal Time)","Fri Apr 01 2022 18:03:35 GMT+0000 (Coordinated Universal Time)"
"","623de3d34b246400324f3742","","",,"Shoes","#Shoes",,,0,0,0,"Fri Mar 25 2022 15:46:27 GMT+0000 (Coordinated Universal Time)","Fri Mar 25 2022 18:03:32 GMT+0000 (Coordinated Universal Time)"
"","62459554d4e1d5002e775062","","","Dreamweaver",,"#Dreamweaver",,,0,1,0,"Thu Mar 31 2022 11:49:40 GMT+0000 (Coordinated Universal Time)","Thu Mar 31 2022 12:03:30 GMT+0000 (Coordinated Universal Time)"
"","62472312ed6522002e99532c"," #Hidden"," 630df47e08e5da0050de7a3c","Fessenheim 3",,"#Fessenheim3",,,0,0,0,"Fri Apr 01 2022 16:06:42 GMT+0000 (Coordinated Universal Time)","Tue Apr 05 2022 23:26:12 GMT+0000 (Coordinated Universal Time)"
"","624723aced6522002e9955d1","","","Anglais",,"#Anglais",,,0,0,0,"Fri Apr 01 2022 16:09:16 GMT+0000 (Coordinated Universal Time)","Tue May 17 2022 08:42:12 GMT+0000 (Coordinated Universal Time)"
"","624c3ebded6522002ea891a3",""," 630df55908e5da0050df575d","Metro",,"#Metro",,,0,0,0,"Tue Apr 05 2022 13:06:05 GMT+0000 (Coordinated Universal Time)","Fri Apr 08 2022 13:46:22 GMT+0000 (Coordinated Universal Time)"
"","624edfae9ed52f002eb48435",""," 630df55908e5da0050df575d","Chimie",,"#Chimie",,,0,0,0,"Thu Apr 07 2022 12:57:18 GMT+0000 (Coordinated Universal Time)","Mon Apr 18 2022 07:10:40 GMT+0000 (Coordinated Universal Time)"
"","62544a9bdc3179002e54f9cf","","","Peinture murale",,"#PeintureMurale",,,0,0,0,"Mon Apr 11 2022 15:34:51 GMT+0000 (Coordinated Universal Time)","Mon Apr 18 2022 07:10:41 GMT+0000 (Coordinated Universal Time)"
"","62582c6adc3179002e593626",""," 630df55908e5da0050df575d","Courant fort",,"#CourantFort",,,0,0,0,"Thu Apr 14 2022 14:15:06 GMT+0000 (Coordinated Universal Time)","Fri Apr 22 2022 17:42:28 GMT+0000 (Coordinated Universal Time)"
"","62594babdc3179002e597808","","","Vin ",,"#Vin",,,1,0,0,"Fri Apr 15 2022 10:40:43 GMT+0000 (Coordinated Universal Time)","Tue May 24 2022 10:25:33 GMT+0000 (Coordinated Universal Time)"
"","6261146f9ec2d6002e06f8a3","","","Daitaiku",,"#Daitaiku",,,0,0,0,"Thu Apr 21 2022 08:23:11 GMT+0000 (Coordinated Universal Time)","Thu May 05 2022 14:42:20 GMT+0000 (Coordinated Universal Time)"
"","6262d07d9ec2d6002e0e2931",""," 630df55908e5da0050df575d","Bus électrique",,"#Bus-electrique",,,0,0,0,"Fri Apr 22 2022 15:57:49 GMT+0000 (Coordinated Universal Time)","Mon May 02 2022 14:42:17 GMT+0000 (Coordinated Universal Time)"
"","626fcd15a9d87c002e5f0a20",""," 630df55908e5da0050df575d","Signature électronique",,"#Signature-electronique",,,0,0,0,"Mon May 02 2022 12:22:45 GMT+0000 (Coordinated Universal Time)","Thu May 05 2022 14:42:20 GMT+0000 (Coordinated Universal Time)"
"","626fcf12a9d87c002e5f0e8f","","","compresseur",,"#Compresseur",,,0,0,0,"Mon May 02 2022 12:31:14 GMT+0000 (Coordinated Universal Time)","Tue Sep 20 2022 13:36:09 GMT+0000 (Coordinated Universal Time)"
"","6273cf6961dc4e002fde0c8c",""," 630df55908e5da0050df575d","Faire des slides",,"#FaireDesSlides",,,0,0,0,"Thu May 05 2022 13:21:45 GMT+0000 (Coordinated Universal Time)","Thu May 05 2022 14:42:22 GMT+0000 (Coordinated Universal Time)"
"","6273dc2c61dc4e002fde1c01",""," 630df55908e5da0050df575d","Retraitement",,"#Retraitement",,,0,0,0,"Thu May 05 2022 14:16:12 GMT+0000 (Coordinated Universal Time)","Thu May 05 2022 14:42:23 GMT+0000 (Coordinated Universal Time)"
"","6273dc7161dc4e002fde1d09",""," 630df55908e5da0050df575d","Runing",,"#Runing",,,0,0,0,"Thu May 05 2022 14:17:21 GMT+0000 (Coordinated Universal Time)","Mon May 09 2022 14:42:34 GMT+0000 (Coordinated Universal Time)"
"","62791f5deb2287002f0af245",""," 630df55908e5da0050df575d","UX Design",,"#UxDesign",,,3,0,0,"Mon May 09 2022 14:04:13 GMT+0000 (Coordinated Universal Time)","Tue Jun 07 2022 17:42:28 GMT+0000 (Coordinated Universal Time)"
"","627cfdc773dfbc0033fee0c5","","","interface homme machine",,"#InterfaceHommeMachine",,,1,0,0,"Thu May 12 2022 12:29:59 GMT+0000 (Coordinated Universal Time)","Thu May 12 2022 14:42:24 GMT+0000 (Coordinated Universal Time)"
"","627cfddb73dfbc0033fee1a1","","","tableau de bord",,"#TableauDeBord",,,1,0,0,"Thu May 12 2022 12:30:19 GMT+0000 (Coordinated Universal Time)","Thu May 12 2022 14:42:25 GMT+0000 (Coordinated Universal Time)"
"","627cfde773dfbc0033fee247","","","signaletique",,"#Signaletique",,,1,0,0,"Thu May 12 2022 12:30:31 GMT+0000 (Coordinated Universal Time)","Thu May 12 2022 14:42:25 GMT+0000 (Coordinated Universal Time)"
"","627cfe3a73dfbc0033fee6c8","","","pilotage",,"#Pilotage",,,0,0,0,"Thu May 12 2022 12:31:54 GMT+0000 (Coordinated Universal Time)","Tue May 24 2022 08:42:17 GMT+0000 (Coordinated Universal Time)"
"","627cfe5073dfbc0033fee804","","","tableau de bord de commande",,"#TableauDeBordDeCommande",,,0,0,0,"Thu May 12 2022 12:32:16 GMT+0000 (Coordinated Universal Time)","Tue May 24 2022 08:42:17 GMT+0000 (Coordinated Universal Time)"
"","627d189373dfbc0033ff6275",""," 630df55908e5da0050df575d","Design d'interaction",,"#DesignDinteraction",,,0,0,0,"Thu May 12 2022 14:24:19 GMT+0000 (Coordinated Universal Time)","Thu Jun 23 2022 10:55:42 GMT+0000 (Coordinated Universal Time)"
"","627d270573dfbc003300a985",""," 630df55908e5da0050df575d","Knowledge management",,"#KnowledgeManagement19623",,,0,0,0,"Thu May 12 2022 15:25:57 GMT+0000 (Coordinated Universal Time)","Tue May 17 2022 08:42:14 GMT+0000 (Coordinated Universal Time)"
"","6285115373dfbc00331b3b2f",""," 630df55908e5da0050df575d","Soudure",,"#Soudure",,,1,0,0,"Wed May 18 2022 15:31:31 GMT+0000 (Coordinated Universal Time)","Tue May 31 2022 11:42:42 GMT+0000 (Coordinated Universal Time)"
"","628649e873dfbc00331e9fef","","","Gitlab","Gitlab","#Gitlab",,,1,0,0,"Thu May 19 2022 13:45:12 GMT+0000 (Coordinated Universal Time)","Thu May 19 2022 14:42:16 GMT+0000 (Coordinated Universal Time)"
"","628e402373dfbc003338736e",""," 630df24c08e5da0050dc9d6f","Design",,"#Design",,,1,0,0,"Wed May 25 2022 14:41:39 GMT+0000 (Coordinated Universal Time)","Tue Sep 20 2022 13:36:12 GMT+0000 (Coordinated Universal Time)"
"","6295ddc673dfbc0033510073",""," 630df55908e5da0050df575d","Gestion de crises","Crisis Management","#GestionDeCrises",,,0,0,0,"Tue May 31 2022 09:20:06 GMT+0000 (Coordinated Universal Time)","Fri Jun 03 2022 14:42:52 GMT+0000 (Coordinated Universal Time)"
"","6299fbfad9cbb2002fcdc0d4",""," 630df55908e5da0050df575d","Microprocesseurs",,"#Microprocesseurs",,,0,0,0,"Fri Jun 03 2022 12:18:02 GMT+0000 (Coordinated Universal Time)","Thu Jun 23 2022 07:56:04 GMT+0000 (Coordinated Universal Time)"
"","629ee8b990856c0037108fd8"," #UxDesign #DesignDinteraction"," 630df55908e5da0050df575d","UI design",,"#UiDesign",,,0,0,0,"Tue Jun 07 2022 05:57:13 GMT+0000 (Coordinated Universal Time)","Tue Jun 07 2022 08:43:25 GMT+0000 (Coordinated Universal Time)"
"","62a0a96090856c003717faf2",""," 630df55908e5da0050df575d","Logistique",,"#Logistique",,,0,0,0,"Wed Jun 08 2022 13:51:28 GMT+0000 (Coordinated Universal Time)","Fri Jun 10 2022 08:42:26 GMT+0000 (Coordinated Universal Time)"
"","62a7558ea10f7b00376364ef",""," 630df55908e5da0050df575d","Telecom",,"#Telecom",,,0,0,0,"Mon Jun 13 2022 15:19:42 GMT+0000 (Coordinated Universal Time)","Tue Jun 14 2022 08:42:36 GMT+0000 (Coordinated Universal Time)"
"","62a847742c51a70037e71b05",""," 630df55908e5da0050df575d","Hydraulique",,"#Hydraulique",,,0,0,0,"Tue Jun 14 2022 08:31:48 GMT+0000 (Coordinated Universal Time)","Wed Jun 15 2022 17:25:03 GMT+0000 (Coordinated Universal Time)"
"","62a9b39cdc411100379fedb8"," #Python #ArtificialIntelligence","","Solutions d'explicabilité",,"#SolutionsDexplicabilite",,,0,0,0,"Wed Jun 15 2022 10:25:32 GMT+0000 (Coordinated Universal Time)","Wed Jun 15 2022 14:28:38 GMT+0000 (Coordinated Universal Time)"
"","62a9b5fddc411100379ffb27"," #Dashboard #Python","","DSF","Digital service factory","#Dsf",,,0,0,0,"Wed Jun 15 2022 10:35:41 GMT+0000 (Coordinated Universal Time)","Wed Jun 15 2022 14:28:22 GMT+0000 (Coordinated Universal Time)"
"","62a9b658dc411100379ffbf1"," #Python","","Adpotion",,"#Adpotion",,,0,0,0,"Wed Jun 15 2022 10:37:12 GMT+0000 (Coordinated Universal Time)","Wed Jun 15 2022 14:28:40 GMT+0000 (Coordinated Universal Time)"
"","62a9f9d0c02c8f0037a57d0f",""," 630df55908e5da0050df575d","Filtrage",,"#Filtrage",,,0,0,0,"Wed Jun 15 2022 15:25:04 GMT+0000 (Coordinated Universal Time)","Thu Jun 16 2022 17:25:18 GMT+0000 (Coordinated Universal Time)"
"","62a9fbbac02c8f0037a583b6","","","tuyauterie",,"#Tuyauterie",,,0,0,0,"Wed Jun 15 2022 15:33:14 GMT+0000 (Coordinated Universal Time)","Thu Jun 23 2022 07:56:22 GMT+0000 (Coordinated Universal Time)"
"","62ab444bc02c8f0037add6a9",""," 630df55908e5da0050df575d",,"Filtration systems","#FiltrationSystems",,,0,0,0,"Thu Jun 16 2022 14:55:07 GMT+0000 (Coordinated Universal Time)","Fri Jun 17 2022 11:25:47 GMT+0000 (Coordinated Universal Time)"
"","62ac4ef1c02c8f0037b2f555",""," 630df55908e5da0050df575d","Courant faible",,"#CourantFaible",,,0,0,0,"Fri Jun 17 2022 09:52:49 GMT+0000 (Coordinated Universal Time)","Thu Jun 23 2022 10:56:02 GMT+0000 (Coordinated Universal Time)"
"","62b42351ad511d0037908552",""," 630df55908e5da0050df575d","Logistique sur site",,"#LogistiqueSurSite",,,0,0,0,"Thu Jun 23 2022 08:24:49 GMT+0000 (Coordinated Universal Time)","Fri Jun 24 2022 10:58:21 GMT+0000 (Coordinated Universal Time)"
"","62b57be8ad511d003799b109",""," 630df55908e5da0050df575d","Avionique",,"#Avionique",,,0,0,0,"Fri Jun 24 2022 08:55:04 GMT+0000 (Coordinated Universal Time)","Fri Jul 08 2022 07:56:02 GMT+0000 (Coordinated Universal Time)"
"","62bb18ccad511d0037b3bcf6","","","Montage",,"#Montage",,,0,0,0,"Tue Jun 28 2022 15:05:48 GMT+0000 (Coordinated Universal Time)","Tue Jun 28 2022 16:55:49 GMT+0000 (Coordinated Universal Time)"
"","62bb18dcad511d0037b3bd63","","","CEM Projets",,"#CemProjets",,,0,0,0,"Tue Jun 28 2022 15:06:04 GMT+0000 (Coordinated Universal Time)","Tue Jun 28 2022 16:55:49 GMT+0000 (Coordinated Universal Time)"
"","62bb18f0ad511d0037b3bdcc","","","Intervention en milieu contraint",,"#InterventionEnMilieuContraint",,,0,0,0,"Tue Jun 28 2022 15:06:24 GMT+0000 (Coordinated Universal Time)","Tue Jun 28 2022 16:55:50 GMT+0000 (Coordinated Universal Time)"
"","62c4464dab0ea80037575c42",""," 630df55908e5da0050df575d","Courant porteur de ligne",,"#CourantPorteurDeLigne",,,0,0,0,"Tue Jul 05 2022 14:10:21 GMT+0000 (Coordinated Universal Time)","Thu Sep 08 2022 13:36:32 GMT+0000 (Coordinated Universal Time)"
"","6319d54e5cd13b004ac32842",""," 630df55908e5da0050df575d","Aérostructure",,"#Aerostructure",,,0,0,0,"Thu Sep 08 2022 11:43:10 GMT+0000 (Coordinated Universal Time)","Fri Sep 09 2022 16:37:00 GMT+0000 (Coordinated Universal Time)"
"","631b44095cd13b004acdc7fe",""," 630df55008e5da0050df4c37","Pile à combustible",,"#Pile-aCombustible",,,0,0,0,"Fri Sep 09 2022 13:47:53 GMT+0000 (Coordinated Universal Time)","Tue Sep 13 2022 10:36:28 GMT+0000 (Coordinated Universal Time)"
"","63204d5434643f004ef8320c",""," 630df55908e5da0050df575d","Composite",,"#Composite",,,0,0,0,"Tue Sep 13 2022 09:28:52 GMT+0000 (Coordinated Universal Time)","Thu Sep 22 2022 10:36:32 GMT+0000 (Coordinated Universal Time)"
"","632c2ce0e43dfa004e9dc83c",""," 630df55908e5da0050df575d","Combustible",,"#Combustible",,,0,0,0,"Thu Sep 22 2022 09:37:36 GMT+0000 (Coordinated Universal Time)","Thu Sep 22 2022 10:36:48 GMT+0000 (Coordinated Universal Time)"
"","632c2e4ae43dfa004e9dd2e4","","","epr 2",,"#Epr2",,,0,1,0,"Thu Sep 22 2022 09:43:38 GMT+0000 (Coordinated Universal Time)","Wed Oct 19 2022 10:36:24 GMT+0000 (Coordinated Universal Time)"
"","6332b25df88eff004a93b3ee",""," 630df24c08e5da0050dc9d6f","Commerciale",,"#Commerciale",,,0,0,0,"Tue Sep 27 2022 08:20:45 GMT+0000 (Coordinated Universal Time)","Thu Oct 13 2022 13:36:14 GMT+0000 (Coordinated Universal Time)"
"","63370c011e4eab0044d7dcc3",""," 630df55908e5da0050df575d","Chimie des matériaux",,"#ChimieDesMateriaux",,,0,0,0,"Fri Sep 30 2022 15:32:17 GMT+0000 (Coordinated Universal Time)","Tue Oct 04 2022 10:36:32 GMT+0000 (Coordinated Universal Time)"
"","633bf24e1e4eab0044f16117",""," 630df55908e5da0050df575d","Conseil RH",,"#ConseilRh",,,0,0,0,"Tue Oct 04 2022 08:43:58 GMT+0000 (Coordinated Universal Time)","Tue Oct 04 2022 13:36:33 GMT+0000 (Coordinated Universal Time)"
"","633c2a491e4eab0044f2c896",""," 630df55908e5da0050df575d","Venture capitalism",,"#VentureCapitalism",,,0,0,0,"Tue Oct 04 2022 12:42:49 GMT+0000 (Coordinated Universal Time)","Wed Oct 05 2022 10:36:47 GMT+0000 (Coordinated Universal Time)"
"","633d44ac1e4eab0044fa5b69",""," 630df55908e5da0050df575d","Linky",,"#Linky",,,0,0,0,"Wed Oct 05 2022 08:47:40 GMT+0000 (Coordinated Universal Time)","Tue Oct 11 2022 10:36:13 GMT+0000 (Coordinated Universal Time)"
"","634d2d3f3534dc0043113268",""," 630df55908e5da0050df575d","Ciment",,"#Ciment",,,0,0,0,"Mon Oct 17 2022 10:23:59 GMT+0000 (Coordinated Universal Time)","Mon Oct 24 2022 13:37:37 GMT+0000 (Coordinated Universal Time)"
"","634d2f873534dc00431135fa","","","iso 19443",,"#Iso1944313177",,,0,1,0,"Mon Oct 17 2022 10:33:43 GMT+0000 (Coordinated Universal Time)","Mon Oct 17 2022 10:36:38 GMT+0000 (Coordinated Universal Time)"
"","635677242a397e004a0244ef",""," 630df55908e5da0050df575d","Onduleur",,"#Onduleur",,,1,0,0,"Mon Oct 24 2022 11:29:40 GMT+0000 (Coordinated Universal Time)","Mon Oct 24 2022 13:38:10 GMT+0000 (Coordinated Universal Time)"
